<?xml version='1.0' encoding='UTF-8' ?>
<timeLogEntries>
  <time id="1" path="/Laboratorio 1/PSP1.1/Planning" start="@1534031164227" delta="75" interrupt="8" comment="Excel with all todo's" />
  <time id="2" path="/Laboratorio 1/PSP1.1/Planning" start="@1534037269817" delta="8" comment="Excel with all todo's" />
  <time id="3" path="/Laboratorio 1/PSP1.1/Planning" start="@1534038747689" delta="11" interrupt="3" comment="Read wording" />
  <time id="4" path="/Laboratorio 1/PSP1.1/Planning" start="@1534041799520" delta="22" comment="Start the analysing of context and problem description" />
  <time id="5" path="/Laboratorio 1/PSP1.1/Planning" start="@1534044945512" delta="48" interrupt="1" comment="Write contex and problem descrition" />
  <time id="6" path="/Laboratorio 1/PSP1.1/Planning" start="@1534048688708" delta="59" comment="Continue writing contex and problem description. Also, funtional requirements" />
  <time id="7" path="/Laboratorio 1/PSP1.1/Planning" start="@1534292323211" delta="39" interrupt="1" comment="Re organize analysis inform" />
  <time id="8" path="/Laboratorio 1/PSP1.1/Planning" start="@1534335756863" delta="128" interrupt="23" comment="Compare alternatives" />
  <time id="9" path="/Laboratorio 1/PSP1.1/Planning" start="@1534375166901" delta="37" comment="Star to thinking creative alternative with information researched " />
  <time id="10" path="/Laboratorio 1/PSP1.1/Planning" start="@1534377658025" delta="73" interrupt="12" comment="Select 7th principal options" />
</timeLogEntries>
